Time,Altitude,Azimuth,Elevation
2026-08-31 21:41:20.976000+00:00,136.8117591310693,-14.816246141276537,-0.0860730629024923
2026-08-31 21:41:21.735917+00:00,136.0237537506679,-14.807310282767304,-0.04864946462334011
2026-08-31 21:41:22.495835+00:00,135.2412301231241,-14.798031041439032,-0.010330126253874548
2026-08-31 21:41:23.255752+00:00,134.46248558684252,-14.788611935073675,0.028200550279077446
2026-08-31 21:41:24.015669+00:00,133.68808962813952,-14.778706174382535,0.06793707673275724
2026-08-31 21:41:24.775586+00:00,132.9197234685207,-14.768640065118802,0.10799430910650544
2026-08-31 21:41:25.535503+00:00,132.15604357952904,-14.758417187731595,0.14831265317195344
2026-08-31 21:41:26.295421+00:00,131.39671971720364,-14.748036040408408,0.18888097789957997
2026-08-31 21:41:27.055338+00:00,130.6417534005437,-14.737493314792857,0.229704410918631
2026-08-31 21:41:27.815255+00:00,129.892494967415,-14.726778469631313,0.27085571099222666
2026-08-31 21:41:28.575172+00:00,129.14826478869935,-14.715891489040189,0.3123073169202857
2026-08-31 21:41:29.335090+00:00,128.40839889263268,-14.704832209245666,0.3540317792930772
2026-08-31 21:41:30.095007+00:00,127.67289883685856,-14.693596910222482,0.39603487769114726
2026-08-31 21:41:30.854924+00:00,126.94278454335593,-14.682176321568505,0.4383748146172796
2026-08-31 21:41:31.614841+00:00,126.21804098943714,-14.670566419046395,0.48105788007498973
2026-08-31 21:41:32.374758+00:00,125.49767030194123,-14.658768518342185,0.5240394235319357
2026-08-31 21:41:33.134676+00:00,124.78167358031217,-14.646778446310947,0.5673259894970136
2026-08-31 21:41:33.894593+00:00,124.07073823064194,-14.63458813803254,0.6109604174589277
2026-08-31 21:41:34.654510+00:00,123.36551783660055,-14.622189439156045,0.6549849579551497
2026-08-31 21:41:35.414428+00:00,122.66467787768319,-14.609585112156253,0.6993367663474779
2026-08-31 21:41:36.174345+00:00,121.96821985078789,-14.59677043811351,0.7440232402467399
2026-08-31 21:41:36.934262+00:00,121.27649756523128,-14.5837385455809,0.7890711321506343
2026-08-31 21:41:37.694179+00:00,120.59083477327134,-14.570476879408773,0.8345607947085709
2026-08-31 21:41:38.454097+00:00,119.90956075406726,-14.556989691280705,0.8804102805308318
2026-08-31 21:41:39.214014+00:00,119.2326767731579,-14.543271672219248,0.926627937324485
2026-08-31 21:41:39.973931+00:00,118.56020173100009,-14.529317253739634,0.9732233366344395
2026-08-31 21:41:40.733848+00:00,117.89413203673065,-14.515109000175357,1.0203176024252334
2026-08-31 21:41:41.493765+00:00,117.23245857326873,-14.500652719104636,1.0678085245882418
2026-08-31 21:41:42.253683+00:00,116.5751827387549,-14.485942362386425,1.115705622598856
2026-08-31 21:41:43.013600+00:00,115.92230590186827,-14.470971689022633,1.164018720234974
2026-08-31 21:41:43.773517+00:00,115.27554434905387,-14.455723916262514,1.2128571964502093
2026-08-31 21:41:44.533434+00:00,114.63350498961006,-14.440200606996342,1.2621525195564336
2026-08-31 21:41:45.293352+00:00,113.99587076415867,-14.424396849748263,1.3118972108699858
2026-08-31 21:41:46.053269+00:00,113.36264302908442,-14.408305550893772,1.3621024839168339
2026-08-31 21:41:46.813186+00:00,112.73520510834362,-14.391910639755508,1.4128625475926864
2026-08-31 21:41:47.573103+00:00,112.11283416268789,-14.375208924624815,1.464147643812871
2026-08-31 21:41:48.333020+00:00,111.49487594878767,-14.358196594228787,1.5159315146941748
2026-08-31 21:41:49.092938+00:00,110.88133193820902,-14.340865495822783,1.5682270672635121
2026-08-31 21:41:49.852855+00:00,110.27324971804023,-14.323200402205941,1.6211121622609634
2026-08-31 21:41:50.612772+00:00,109.6705798701765,-14.305192783547625,1.674599018421894
2026-08-31 21:41:51.372689+00:00,109.072330205217,-14.286839929315477,1.7286412221454337
2026-08-31 21:41:52.132607+00:00,108.47850212632957,-14.26813246366396,1.78325366128272
2026-08-31 21:41:52.892524+00:00,107.88980797921307,-14.249055964520863,1.8384970798565121
2026-08-31 21:41:53.652441+00:00,107.3068730524201,-14.22959597949847,1.894428782577621
2026-08-31 21:41:54.412359+00:00,106.72836635306571,-14.209750853596375,1.9509811209454648
2026-08-31 21:41:55.172276+00:00,106.15428937414009,-14.18950975734748,2.008171309023382
2026-08-31 21:41:55.932193+00:00,105.58501658444573,-14.168858880442173,2.066041898298375
2026-08-31 21:41:56.692110+00:00,105.02173521853518,-14.147693660223979,2.124818609485736
2026-08-31 21:41:57.452027+00:00,104.46207260578404,-14.12395335364289,2.187444651019131
2026-08-31 21:41:58.211945+00:00,103.90809705206846,-14.102013992581306,2.2474661651519217
2026-08-31 21:41:58.971862+00:00,103.35900202367641,-14.079787054515464,2.308004644883247
2026-08-31 21:41:59.731779+00:00,102.81500549047999,-14.057227951603807,2.36914913802395
2026-08-31 21:42:00.491696+00:00,102.27571182182896,-14.033296447211626,2.432369305395796
2026-08-31 21:42:01.251614+00:00,101.74146589296218,-14.009011899414531,2.4962090026954353
2026-08-31 21:42:02.011531+00:00,101.21215189221967,-13.984858971452695,2.559996388305053
2026-08-31 21:42:02.771448+00:00,100.68793271539082,-13.960632049966534,2.624059574989696
2026-08-31 21:42:03.531365+00:00,100.16843114376627,-13.93436742686788,2.6910805067085897
2026-08-31 21:42:04.291282+00:00,99.65391173368972,-13.908499049447755,2.7577280034105427
2026-08-31 21:42:05.051200+00:00,99.1443464640472,-13.881139210300091,2.8265702366999554
2026-08-31 21:42:05.811117+00:00,98.63976438865903,-13.854173849858341,2.895083269751264
2026-08-31 21:42:06.571034+00:00,98.14025396978668,-13.826612656025475,2.9646174227280513
2026-08-31 21:42:07.330951+00:00,97.6454495211225,-13.797975700497318,3.0357775735335024
2026-08-31 21:42:08.090869+00:00,97.15584967882187,-13.768453124513542,3.1083440147428556
2026-08-31 21:42:08.850786+00:00,96.67107559692487,-13.738637778194061,3.181538429944614
2026-08-31 21:42:09.610703+00:00,96.19134685986954,-13.708200820582192,3.255814012475329
2026-08-31 21:42:10.370620+00:00,95.71648317055032,-13.676450410275493,3.3320318157010593
2026-08-31 21:42:11.130538+00:00,95.2465745369792,-13.64376941501564,3.4097150635936764
2026-08-31 21:42:11.890455+00:00,94.78173788719158,-13.61132223212877,3.4874568418231378
2026-08-31 21:42:12.650372+00:00,94.32181801011413,-13.577066977414745,3.567762609336904
2026-08-31 21:42:13.410289+00:00,93.86689451340027,-13.54266646782935,3.648625538082628
2026-08-31 21:42:14.170207+00:00,93.41692423952371,-13.507039987988492,3.731361881275331
2026-08-31 21:42:14.930124+00:00,92.9719329748582,-13.470253490414336,3.8158994561118953
2026-08-31 21:42:15.690041+00:00,92.53198409789708,-13.433007824144738,3.9014334014977337
2026-08-31 21:42:16.449958+00:00,92.09698495451454,-13.394284161916346,3.9891655104970813
2026-08-31 21:42:17.209876+00:00,91.66700905741565,-13.354708345470897,4.078387752172496
2026-08-31 21:42:17.969793+00:00,91.24202294184454,-13.31399450697819,4.169446086427628
2026-08-31 21:42:18.729710+00:00,90.82208752179332,-13.272998279792318,4.261400855371772
2026-08-31 21:42:19.489627+00:00,90.4070812593652,-13.23017506895411,4.356009964237532
2026-08-31 21:42:20.249544+00:00,89.99711819504108,-13.186033841756512,4.452723336047876
2026-08-31 21:42:21.009462+00:00,89.59219671185593,-13.14111663897944,4.550967464483444
2026-08-31 21:42:21.769379+00:00,89.19232160890382,-13.094971254286577,4.6512739440323445
2026-08-31 21:42:22.529296+00:00,88.79732578188926,-13.046256412106857,4.755111705976706
2026-08-31 21:42:23.289213+00:00,88.40735661944375,-12.996943960404167,4.860372247684866
2026-08-31 21:42:24.049131+00:00,88.02241509453766,-12.945781663117202,4.968443438621145
2026-08-31 21:42:24.809048+00:00,87.64239847501182,-12.893804284439852,5.078248084079225
2026-08-31 21:42:25.568965+00:00,87.267392192794,-12.839723313116508,5.191200368157935
2026-08-31 21:42:26.328882+00:00,86.8973593880497,-12.783922219864507,5.306931992208574
2026-08-31 21:42:27.088799+00:00,86.53224023545347,-12.726240159756344,5.425642118720536
2026-08-31 21:42:27.848717+00:00,86.17213698761445,-12.667230787405117,5.546823712518396
2026-08-31 21:42:28.608634+00:00,85.81620979736931,-12.605788696796594,5.671556420899895
2026-08-31 21:42:29.368551+00:00,85.46639103793632,-12.542446580572744,5.7995633675906
2026-08-31 21:42:30.128469+00:00,85.12069566736649,-12.477062031147398,5.930863209363765
2026-08-31 21:42:30.888386+00:00,84.78033770405966,-12.409584608967634,6.065633501962524
2026-08-31 21:42:31.648303+00:00,84.44505781762767,-12.339695459744746,6.204268738961278
2026-08-31 21:42:32.408220+00:00,84.11488796146865,-12.267372267095254,6.346847245698145
2026-08-31 21:42:33.168137+00:00,83.78973485183623,-12.192399604195543,6.493726766339584
2026-08-31 21:42:33.928055+00:00,83.46938904920034,-12.114820952983393,6.644791460629061
2026-08-31 21:42:34.687972+00:00,83.15365978898667,-12.034302461896004,6.80059333618531
2026-08-31 21:42:35.447889+00:00,82.84384882253129,-11.950846724787368,6.961233518925577
2026-08-31 21:42:36.207806+00:00,82.53731680895947,-11.864023389280646,7.126992530445177
2026-08-31 21:42:36.967724+00:00,82.23688836446497,-11.7739300011757,7.2980774524922545
2026-08-31 21:42:37.727641+00:00,81.94114795520157,-11.680231577268898,7.474780346019254
2026-08-31 21:42:38.487558+00:00,81.6495957836695,-11.5827541535499,7.657422551264497
2026-08-31 21:42:39.247475+00:00,81.36386320293043,-11.481533897388658,7.846195388393194
2026-08-31 21:42:40.007393+00:00,81.08312936228047,-11.376118466716946,8.041579951453365
2026-08-31 21:42:40.767310+00:00,80.80708805179968,-11.26657648371173,8.243816426638025
2026-08-31 21:42:41.527227+00:00,80.53499822260252,-11.150818429933338,8.455584027648523
2026-08-31 21:42:42.287144+00:00,80.2681482319152,-11.029962075834646,8.675161781654175
2026-08-31 21:42:43.047061+00:00,80.00642595626694,-10.90403622967824,8.903199292237755
2026-08-31 21:42:43.806979+00:00,79.75084629534837,-10.773019559924023,9.13920981606438
2026-08-31 21:42:44.566896+00:00,79.49950658632443,-10.635513985724572,9.385104182558024
2026-08-31 21:42:45.326813+00:00,79.25323796066643,-10.4917863719445,9.64090395060172
2026-08-31 21:42:46.086730+00:00,79.01326159837004,-10.34101836100524,9.907608211914443
2026-08-31 21:42:46.846648+00:00,78.7779297369374,-10.183055800930106,10.185700171985156
2026-08-31 21:42:47.606565+00:00,78.54568149257638,-10.016163898415016,10.477523789656338
2026-08-31 21:42:48.366482+00:00,78.3196167268483,-9.840851578079139,10.782149855699576
2026-08-31 21:42:49.126399+00:00,78.10162964343,-9.657716603296421,11.099582565412236
2026-08-31 21:42:49.886317+00:00,77.88566134856269,-9.463979627711808,11.433470894534759
2026-08-31 21:42:50.646234+00:00,77.66878715914302,-9.256219523632069,11.787277804883502
2026-08-31 21:42:51.406151+00:00,77.46140442272089,-9.038294682008484,12.156616440523358
2026-08-31 21:42:52.166068+00:00,77.25910887277219,-8.803966434454935,12.55107257564094
2026-08-31 21:42:52.925986+00:00,77.0689871324515,-8.557708868489101,12.964241338073698
2026-08-31 21:42:53.685903+00:00,76.86381126544904,-8.289918869278381,13.407513288664832
2026-08-31 21:42:54.445820+00:00,76.67008519744967,-8.00466279600073,13.874070799595303
2026-08-31 21:42:55.205737+00:00,76.48398340100795,-7.714678827955936,14.365328746901373
2026-08-31 21:42:55.965654+00:00,76.30428993603401,-7.49148895248436,14.884367674537891
2026-08-31 21:42:56.725572+00:00,76.1275938058477,-7.731214175406478,15.437356040122621
2026-08-31 21:42:57.485489+00:00,75.95609902460873,-8.079290045307744,1.0274744694966174
2026-08-31 21:42:58.245406+00:00,75.78979599725548,-8.242455094164825,1.6670411377304966
2026-08-31 21:42:59.005323+00:00,75.63006945633703,-7.550491303125796,2.3410306922536215
2026-08-31 21:42:59.765241+00:00,75.47663741226121,-6.9037544178602275,3.06837578662941
2026-08-31 21:43:00.525158+00:00,75.32265057497658,-6.5130866962620075,3.8664621717671253
2026-08-31 21:43:01.285075+00:00,75.18226242011507,-6.366946151451771,4.724988719824314
2026-08-31 21:43:02.044992+00:00,75.03794952522777,-6.242975148095752,5.666804754269883
2026-08-31 21:43:02.804910+00:00,74.90407755931932,-6.097559175791673,6.661595689673227
2026-08-31 21:43:03.564827+00:00,74.77545172986947,-5.794008429095754,7.738830100717202
2026-08-31 21:43:04.324744+00:00,74.65229263255372,-5.368359619280795,8.916144526421686
2026-08-31 21:43:05.084661+00:00,74.5447165188063,-4.9154051645316486,10.23792663678016
2026-08-31 21:43:05.844579+00:00,74.43416666661761,-4.3576657061713036,11.661109849242287
2026-08-31 21:43:06.604496+00:00,74.33492840024084,-3.5903834589023518,13.20874323358597
2026-08-31 21:43:07.364413+00:00,74.23968635214399,-2.637488566697698,14.909066826713339
2026-08-31 21:43:08.124330+00:00,74.15126572453697,-1.5809338097095633,16.75022312226855
2026-08-31 21:43:08.884248+00:00,74.0618244499024,-0.25018168982381894,18.78563333571592
2026-08-31 21:43:09.644165+00:00,73.97660419859179,1.4511824829030502,21.01352145535862
2026-08-31 21:43:10.404082+00:00,73.9039091781946,3.5453946800308813,23.447933742912205
2026-08-31 21:43:11.163999+00:00,73.80123096356168,6.397022554199054,26.308706169504518
2026-08-31 21:43:11.923916+00:00,73.72509808185137,9.724574702949724,29.19703537317701
2026-08-31 21:43:12.683834+00:00,73.6536714015333,13.958206909509158,32.236620214963516
2026-08-31 21:43:13.443751+00:00,73.55748697150406,19.357988381242365,35.32892826663637
2026-08-31 21:43:14.203668+00:00,73.49188206165935,26.135515073449312,38.32668260254409
2026-08-31 21:43:14.963585+00:00,73.43031309236306,34.57310255831163,40.98512318478913
2026-08-31 21:43:15.723503+00:00,73.37386483624019,44.49991700785455,42.9586357899433
2026-08-31 21:43:16.483420+00:00,73.37205197576712,54.610166737190866,43.96992997977382
2026-08-31 21:43:17.243337+00:00,73.32772675144021,66.55270827912193,44.00940623140966
2026-08-31 21:43:18.003254+00:00,73.28790491664876,77.95505029866422,42.900270131339475
2026-08-31 21:43:18.763171+00:00,73.25262004240322,87.95288755475997,40.85200745366121
2026-08-31 21:43:19.523089+00:00,73.22190731933713,-263.7176548973478,38.176117049511625
2026-08-31 21:43:20.283006+00:00,73.1957743794378,-256.99635329180563,35.176361357720296
2026-08-31 21:43:21.042923+00:00,73.17427328423969,-251.73354585989046,32.08594494965097
2026-08-31 21:43:21.802840+00:00,73.15738132800534,-247.6186299713877,29.061049657796623
2026-08-31 21:43:22.562758+00:00,73.14502142661902,-244.29881417143474,26.18675181286673
2026-08-31 21:43:23.322675+00:00,73.1365204677619,-241.61083711669045,23.51123169672219
2026-08-31 21:43:24.082592+00:00,73.06131163335778,-239.2276276438384,20.73275650109356
2026-08-31 21:43:24.842510+00:00,73.05601528738252,-237.60280526866137,18.49492278449543
2026-08-31 21:43:25.602427+00:00,73.05465214898904,-236.22363047521213,16.458189384407028
2026-08-31 21:43:26.362344+00:00,73.05687357691117,-235.07657652016292,14.606067413600055
2026-08-31 21:43:27.122261+00:00,72.8970121385064,-233.82777246527837,12.39830226785422
2026-08-31 21:43:27.882178+00:00,72.90112084372248,-233.172787221646,10.8880734240505
2026-08-31 21:43:28.642096+00:00,72.90916580381152,-232.59571955648886,9.513490155746297
2026-08-31 21:43:29.402013+00:00,72.92750510347821,-232.1260780943498,8.261461557749435
2026-08-31 21:43:30.161930+00:00,72.94688216855657,-231.81544799836934,7.1124444100425315
2026-08-31 21:43:30.921847+00:00,72.9700250626905,-231.5815461150387,6.056733448267451
2026-08-31 21:43:31.681765+00:00,72.99706010213308,-231.38047202147453,5.085769466195764
2026-08-31 21:43:32.441682+00:00,73.02789296321943,-231.23813166073603,4.189200772602629
2026-08-31 21:43:33.201599+00:00,73.06241561096999,-231.17784032951408,3.3601468194465127
2026-08-31 21:43:33.961516+00:00,73.10064517786168,-231.1654139529591,2.5904665244963994
2026-08-31 21:43:34.721433+00:00,73.1108055063989,-231.19097208072594,1.8643443012435483
2026-08-31 21:43:35.481351+00:00,73.15266957455967,-231.23933087944738,1.1968495300589979
2026-08-31 21:43:36.241268+00:00,73.21536776249762,-231.31333276373857,0.5850161175170019
2026-08-31 21:43:37.001185+00:00,73.26907394889277,-231.43526231976995,0.003771409578796181
2026-08-31 21:43:37.761102+00:00,73.31611847392004,-231.60204513723193,-0.5448132555656571
2026-08-31 21:43:38.521020+00:00,73.35774649919198,-231.76576673158047,-1.0639270955108096
2026-08-31 21:43:39.280937+00:00,73.42647652983106,-231.91531262602103,-1.5419275243794157
2026-08-31 21:43:40.040854+00:00,73.5014897855632,-232.1300078494906,-1.9909018088794674
2026-08-31 21:43:40.800771+00:00,73.5661792706782,-232.39955762320085,-2.421369434182836
2026-08-31 21:43:41.560688+00:00,73.65050637322385,-232.62954952126904,-2.825654133475201
2026-08-31 21:43:42.320606+00:00,73.72625821007695,-232.83143502928903,-3.2117359110547525
2026-08-31 21:43:43.080523+00:00,73.80392249043099,-233.12453091796488,-3.5784364336052725
2026-08-31 21:43:43.840440+00:00,73.88550416387896,-233.45609210666697,-3.9269246975489818
2026-08-31 21:43:44.600358+00:00,73.96402471590694,-233.73100517532566,-4.260498804836187
2026-08-31 21:43:45.360275+00:00,74.04821502035577,-233.97807530073788,-4.5785478590978865
2026-08-31 21:43:46.120192+00:00,74.13861937204841,-234.31771150596649,-4.881009036887738
2026-08-31 21:43:46.880109+00:00,74.23230202602316,-234.67234467149603,-5.1701128440019755
2026-08-31 21:43:47.640027+00:00,74.3292126841005,-234.97711669600358,-5.446843358573931
2026-08-31 21:43:48.399944+00:00,74.42929675451666,-235.27339017550338,-5.712027267285679
2026-08-31 21:43:49.159861+00:00,74.53258684436045,-235.643204255797,-5.966354682691918
2026-08-31 21:43:49.919778+00:00,74.63905311747827,-236.01390252970037,-6.21050768575528
2026-08-31 21:43:50.679695+00:00,74.74864183120336,-236.3484513644055,-6.445217337180095
2026-08-31 21:43:51.439613+00:00,74.8534602699019,-236.66662978379782,-6.671835894478452
2026-08-31 21:43:52.199530+00:00,74.96808768507093,-237.00781460621897,-6.8895146398526155
