Time,Altitude,Azimuth,Elevation,Distance_km,Heading,Bank,In_view
2026-10-12 12:14:52.726459+00:00,99.99910336808487,20.981884746174615,-10.806040412002199,2801.4621329061206,112.89965564111849,-5.251942888030127e-07,False
2026-10-12 12:14:54.053289+00:00,99.8775287398966,20.970321095021376,-10.757731758793936,2791.730058491673,112.89965803805185,-5.597572493042894e-07,False
2026-10-12 12:14:55.380120+00:00,99.754787408649,20.958572446920073,-10.709522876541213,2782.016053683051,112.89966034756092,-5.154638270327305e-07,False
2026-10-12 12:14:56.706950+00:00,99.63324958739989,20.946587029968725,-10.66132238721591,2772.312291203135,112.89966256965198,-3.9231397746057017e-07,False
2026-10-12 12:14:58.033780+00:00,99.51267384686693,20.93447197201101,-10.613181984086841,2762.627759787562,112.89966470432984,-1.9030766878226171e-07,False
2026-10-12 12:14:59.360611+00:00,99.3907514520716,20.921338647239253,-10.564799000378224,2752.895292886971,112.89966694499758,-8.379774977594177e-08,False
2026-10-12 12:15:00.687441+00:00,99.27003935692925,20.90998203128578,-10.516469204625793,2743.182445143826,112.89966956416586,-3.1847640819733403e-07,False
2026-10-12 12:15:02.014271+00:00,99.15045527727344,20.89744235258101,-10.46817070328664,2733.484085219822,112.8996720958728,-4.7427316943623576e-07,False
2026-10-12 12:15:03.341102+00:00,99.02934604718163,20.88576791951212,-10.419657312591424,2723.7427883134096,112.89967454012324,-5.51187963520444e-07,False
2026-10-12 12:15:04.667932+00:00,98.9094518641308,20.872991843422426,-10.371160457129255,2714.0137087097282,112.89967689692213,-5.492207650055214e-07,False
2026-10-12 12:15:05.994762+00:00,98.79081286721397,20.86199274258513,-10.322731303666878,2704.3072869073385,112.89967916627573,-4.6837154844703043e-07,False
2026-10-12 12:15:07.321593+00:00,98.67056527810358,20.84782046924647,-10.274346709594056,2694.606508431033,112.89968134818889,-3.086402947616429e-07,False
2026-10-12 12:15:08.648423+00:00,98.55149683144688,20.83615486684704,-10.225931476103387,2684.909597063018,112.89968344266661,-7.002699122714027e-08,False
2026-10-12 12:15:09.975253+00:00,98.43365294803493,20.823210614820397,-10.17710467000136,2675.1442183067534,112.89968594866225,-2.0238322349138997e-07,False
2026-10-12 12:15:11.302083+00:00,98.31437157680932,20.811208624363445,-10.128483912985203,2665.416779519911,112.89968852772408,-4.0058485724309136e-07,False
2026-10-12 12:15:12.628914+00:00,98.19612240412552,20.79961856328657,-10.079678031908804,2655.6632931923186,112.89969101930218,-5.198789712637883e-07,False
2026-10-12 12:15:13.955744+00:00,98.07908934495597,20.786098883697775,-10.031001129623899,2645.9438489553822,112.89969342340143,-5.602654574146218e-07,False
2026-10-12 12:15:15.282574+00:00,97.96079158752691,20.775076364060226,-9.982333980419739,2636.2261046135877,112.89969574002806,-5.217443729455761e-07,False
2026-10-12 12:15:16.609405+00:00,97.84333572092652,20.762420348211805,-9.933577690436133,2626.4996800137587,112.89969796918696,-4.043156160789012e-07,False
2026-10-12 12:15:17.936235+00:00,97.72709951286018,20.74864467051941,-9.884732321795383,2616.7664044654916,112.89970011088319,-2.079792440645816e-07,False
2026-10-12 12:15:19.263065+00:00,97.60977372724749,20.73700926344179,-9.835884050397922,2607.0334102593956,112.89970231012377,-6.347318477828208e-08,False
2026-10-12 12:15:20.589896+00:00,97.49310840838123,20.7251057457068,-9.786964900920605,2597.2952222651006,112.89970493656355,-3.0410722192410576e-07,False
2026-10-12 12:15:21.916726+00:00,97.37766930432245,20.712749841491075,-9.737962389837692,2587.5517330197895,112.89970747549232,-4.6580811679041124e-07,False
2026-10-12 12:15:23.243556+00:00,97.26130175392329,20.699879420428204,-9.688919551840536,2577.801911871105,112.89970992691492,-5.485758312105423e-07,False
2026-10-12 12:15:24.570387+00:00,97.1454238248188,20.686526354275145,-9.639807567804137,2568.0465120716362,112.89971229083764,-5.524103206567335e-07,False
2026-10-12 12:15:25.897217+00:00,97.0307797760237,20.67354660322644,-9.590918412074647,2558.3439540077807,112.89971456726532,-4.773115533234379e-07,False
2026-10-12 12:15:27.224047+00:00,96.91536214254424,20.66000180729543,-9.54172024421996,2548.585375342028,112.899716756203,-3.2327959918285847e-07,False
2026-10-12 12:15:28.550878+00:00,96.80027915839106,20.64811952311959,-9.492626076658015,2538.853721357531,112.8997188576568,-9.031426740171447e-08,False
2026-10-12 12:15:29.877708+00:00,96.68638034610822,20.635160322703484,-9.443110883023854,2529.054004874112,112.89972132235282,-1.848180632076025e-07,False
2026-10-12 12:15:31.204538+00:00,96.57192297760956,20.621195402790136,-9.393976497965426,2519.3292151311725,112.89972390867192,-3.889532507175111e-07,False
2026-10-12 12:15:32.531368+00:00,96.45761517095194,20.609566196819088,-9.344687507031116,2509.582342032736,112.89972640745845,-5.141296543160595e-07,False
2026-10-12 12:15:33.858199+00:00,96.3444972480163,20.59551478321839,-9.295560008028962,2499.8766387976266,112.89972881871729,-5.603472485588103e-07,False
2026-10-12 12:15:35.185029+00:00,96.23097388928011,20.582251080272698,-9.246053815849116,2490.104463878121,112.89973114245385,-5.276059761957793e-07,False
2026-10-12 12:15:36.511859+00:00,96.1173929240685,20.569413807757456,-9.196656886669846,2480.358792186167,112.89973337867305,-4.1590586903251306e-07,False
2026-10-12 12:15:37.838690+00:00,96.0050589597812,20.556126408191744,-9.147177283116417,2470.6094598554455,112.8997355273811,-2.2524685709680881e-07,False
2026-10-12 12:15:39.165520+00:00,95.89245017062593,20.543179748232546,-9.097753693113663,2460.8759046957466,112.89973768513994,-4.269528259965467e-08,False
2026-10-12 12:15:40.492350+00:00,95.77964873974956,20.53121804938226,-9.048051807925864,2451.096542030026,112.89974031886996,-2.8929224910672363e-07,False
2026-10-12 12:15:41.819181+00:00,95.66804382866621,20.516904446517685,-8.998526314067396,2441.361748522363,112.89974286504011,-4.569048664039028e-07,False
2026-10-12 12:15:43.146011+00:00,95.55635969499406,20.50432010159679,-8.9486128877079,2431.5613354088764,112.89974532365522,-5.455330390745517e-07,False
2026-10-12 12:15:44.472841+00:00,95.4442923185667,20.49050447020565,-8.898974243141435,2421.817060794835,112.89974769472028,-5.551767671186705e-07,False
2026-10-12 12:15:45.799672+00:00,95.33342157230061,20.476377957367447,-8.849243618462927,2412.0679741398053,112.89974997824153,-4.858360123696028e-07,False
2026-10-12 12:15:47.126502+00:00,95.22263531565108,20.4635853805882,-8.799410869454267,2402.3075517201073,112.89975217422385,-3.375107493829112e-07,False
2026-10-12 12:15:48.453332+00:00,95.11129998168629,20.450137098024186,-8.749265192777782,2392.493670779455,112.89975428267263,-1.10200946353049e-07,False
2026-10-12 12:15:49.780163+00:00,95.0011681771595,20.435335471190285,-8.699581454916329,2382.7783028340154,112.89975670602661,-1.6680293713080965e-07,False
2026-10-12 12:15:51.106993+00:00,94.89126955324132,20.421291325772643,-8.649637221528527,2373.0233549002196,112.89975929961385,-3.7687927992461423e-07,False
2026-10-12 12:15:52.433823+00:00,94.78064143477194,20.408665725553732,-8.599572564267724,2363.2504851114927,112.89976180561877,-5.07945542821156e-07,False
2026-10-12 12:15:53.760653+00:00,94.67120568078849,20.39599793437924,-8.549411365819969,2353.472886064558,112.89976422404622,-5.600017258204349e-07,False
2026-10-12 12:15:55.087484+00:00,94.56220427741576,20.380980035297455,-8.499189354742708,2343.693530129924,112.89976655490256,-5.330478607279978e-07,False
2026-10-12 12:15:56.414314+00:00,94.45226679949276,20.36771586123018,-8.449209210185128,2333.9625780361093,112.89976879819261,-4.270838712105323e-07,False
2026-10-12 12:15:57.741145+00:00,94.343527492431,20.353530554018846,-8.398812565325606,2324.1682368531665,112.8997709539218,-2.4210971274027297e-07,False
2026-10-12 12:15:59.067975+00:00,94.23539001286403,20.340323487583134,-8.348355864328454,2314.373982869881,112.89977307015268,-2.146317812918618e-08,False
2026-10-12 12:16:00.394805+00:00,94.12613482198492,20.325418893503013,-8.298141701417023,2304.6275395286625,112.89977571117964,-2.7403071368984525e-07,False
2026-10-12 12:16:01.721636+00:00,94.01809110640083,20.310492324466622,-8.247753625458103,2294.8631271511613,112.89977826459695,-4.4756259769360253e-07,False
2026-10-12 12:16:03.048466+00:00,93.91078310890403,20.297220470414118,-8.197471729758663,2285.1303523703277,112.89978073040946,-5.420587983349112e-07,False
2026-10-12 12:16:04.375296+00:00,93.80221618623287,20.2833129955809,-8.14682754892669,2275.333736687288,112.89978310862345,-5.575192965304432e-07,False
2026-10-12 12:16:05.702127+00:00,93.69480252280552,20.26917601639954,-8.096165729544067,2265.548093569611,112.89978539924387,-4.939440668357611e-07,False
2026-10-12 12:16:07.028957+00:00,93.58834280984384,20.254984275493854,-8.045544548723614,2255.783315290239,112.89978760227564,-3.513330456397712e-07,False
2026-10-12 12:16:08.355787+00:00,93.48041978325881,20.2405461720096,-7.994982990955799,2246.0314474760644,112.89978971772497,-1.2968625202580153e-07,False
2026-10-12 12:16:09.682617+00:00,93.37366768389568,20.225585191014005,-7.944312662076214,2236.2745619556144,112.8997920996886,-1.483370564834504e-07,False
2026-10-12 12:16:11.009448+00:00,93.2680040191682,20.21011477479169,-7.893531391137011,2226.512069437024,112.89979470054826,-3.6436207339241794e-07,False
2026-10-12 12:16:12.336278+00:00,93.16070908989198,20.19639020755187,-7.842364893509887,2216.6813159782855,112.89979721377578,-5.013257589459855e-07,False
2026-10-12 12:16:13.663108+00:00,93.05458504869696,20.182148127625226,-7.791435175113164,2206.9088382664186,112.8997996393774,-5.592281385885906e-07,False
2026-10-12 12:16:14.989939+00:00,92.94962316706405,20.16618709266777,-7.740393371132886,2197.1311344152505,112.89980197735807,-5.380691487091396e-07,False
2026-10-12 12:16:16.316769+00:00,92.8430413487982,20.152414021339354,-7.689419453956667,2187.368062474318,112.89980422772275,-4.378488211131793e-07,False
2026-10-12 12:16:17.643599+00:00,92.73750345277041,20.13725245673959,-7.63846460895221,2177.623291638851,112.89980639047761,-2.5856702857852243e-07,False
2026-10-12 12:16:18.970430+00:00,92.63314108808804,20.123224283474997,-7.587152917181413,2167.829964720372,112.89980846562759,-2.237965496064989e-10,False
2026-10-12 12:16:20.297260+00:00,92.52730290789064,20.10858166930052,-7.535786562663067,2158.0302995706525,112.8998111134594,-2.58321744201488e-07,False
2026-10-12 12:16:21.624090+00:00,92.42236001031566,20.09338688212094,-7.484309717951455,2148.2255413939442,112.89981367412813,-4.377804709930746e-07,False
2026-10-12 12:16:22.950921+00:00,92.3185743224863,20.077640237617175,-7.4327147717758795,2138.4158516515063,112.89981614714364,-5.381522756862943e-07,False
2026-10-12 12:16:24.277751+00:00,92.21348826290667,20.062901256952387,-7.381517247263454,2128.682246121921,112.89981853251075,-5.594370565033972e-07,False
2026-10-12 12:16:25.604581+00:00,92.10908459308465,20.04688620336006,-7.330014612231133,2118.907878217566,112.89982083023449,-5.016348643332582e-07,False
2026-10-12 12:16:26.931412+00:00,92.00585724176932,20.03058262978027,-7.278465737484962,2109.14213398011,112.89982304032104,-3.6474559103701817e-07,False
2026-10-12 12:16:28.258242+00:00,91.90147576393746,20.01667028302893,-7.226630871110648,2099.3309889282405,112.89982516277536,-1.4876927478133322e-07,False
2026-10-12 12:16:29.585072+00:00,91.7976235873634,19.999674412099836,-7.17505198143918,2089.5796305316812,112.89982750329925,-1.2941945437690166e-07,False
2026-10-12 12:16:30.911902+00:00,91.69489665386826,19.984405774650043,-7.123014461246775,2079.764014120388,112.89983011143822,-3.514007723711582e-07,False
2026-10-12 12:16:32.238733+00:00,91.59119246918802,19.968366170708578,-7.071479763890742,2070.0449901634606,112.89983263189612,-4.942694948296591e-07,False
2026-10-12 12:16:33.565563+00:00,91.48785957846418,19.95369251528217,-7.019314288998129,2060.2274792445614,112.8998350646782,-5.580256090301854e-07,False
2026-10-12 12:16:34.892393+00:00,91.38562667645327,19.938274551212373,-6.966973894888592,2050.3966219389877,112.89983740978953,-5.426690450005343e-07,False
2026-10-12 12:16:36.219224+00:00,91.28259496411495,19.92073890734727,-6.915209026574248,2040.6761486060138,112.89983966723625,-4.4819984090736187e-07,False
2026-10-12 12:16:37.546054+00:00,91.17972276431415,19.90530528273365,-6.863007063502538,2030.8916001762618,112.89984183702337,-2.7461792677846515e-07,False
2026-10-12 12:16:38.872884+00:00,91.07796630685311,19.889297048346123,-6.810674143195108,2021.1022352908515,112.8998439191559,-2.192334078050032e-08,False
2026-10-12 12:16:40.199715+00:00,90.97555361343268,19.872651209735864,-6.7582528527736425,2011.3072221448547,112.8998465256889,-2.4216445008634097e-07,False
2026-10-12 12:16:41.526545+00:00,90.87314472330361,19.85612380022104,-6.7059182729182485,2001.5407187065168,112.8998490936188,-4.2755764663588313e-07,False
2026-10-12 12:16:42.853375+00:00,90.77179624960479,19.841154158175016,-6.653107987384802,1991.709339623594,112.89985157384514,-5.338126060178276e-07,False
2026-10-12 12:16:44.180206+00:00,90.67000100028702,19.82471856714659,-6.600727666195593,1981.9647712732642,112.8998539663741,-5.60929251898862e-07,False
2026-10-12 12:16:45.507036+00:00,90.56797082063835,19.806744182237026,-6.5481721685794945,1972.201649923044,112.89985627121062,-5.08907597001205e-07,False
2026-10-12 12:16:46.833866+00:00,90.46705617866199,19.790378420712784,-6.4951639727918025,1962.379038266289,112.8998584883602,-3.7774760315820055e-07,False
2026-10-12 12:16:48.160697+00:00,90.36581423783674,19.7729837822273,-6.442487471265733,1952.6269127449075,112.89986061782767,-1.6744928945317665e-07,False
2026-10-12 12:16:49.487527+00:00,90.26416256342735,19.758594190507836,-6.389572422462742,1942.8457484424794,112.89986291686601,-1.1004939928358662e-07,False
2026-10-12 12:16:50.814357+00:00,90.16362440847233,19.74020099214428,-6.336519779033796,1933.060850197316,112.89986553229107,-3.379945880832742e-07,False
2026-10-12 12:16:52.141187+00:00,90.06288925966062,19.72432627542304,-6.283480847503646,1923.292391987277,112.89986805998504,-4.86775879000194e-07,False
2026-10-12 12:16:53.468018+00:00,89.96162751089129,19.706235587266207,-6.230256130453901,1913.5036044311296,112.89987049995429,-5.563932847565647e-07,False
2026-10-12 12:16:54.794848+00:00,89.86138894996606,19.688653459282563,-6.17722718506415,1903.7694744496473,112.89987285220367,-5.468466908524179e-07,False
2026-10-12 12:16:56.121679+00:00,89.7611564096585,19.670319905013542,-6.123503092695532,1893.9303274141441,112.8998751167386,-4.581361799821752e-07,False
2026-10-12 12:16:57.448509+00:00,89.66016763104871,19.65283640864027,-6.070048618047934,1884.1497173972573,112.89987729356413,-2.902616503680869e-07,False
2026-10-12 12:16:58.775339+00:00,89.5602488310244,19.635936651903933,-6.016729209414439,1874.414084287931,112.89987938268632,-4.3223089287934174e-08,False
2026-10-12 12:17:00.102170+00:00,89.4604426760422,19.617800304114667,-5.9630371641419515,1864.631272778392,112.89988194786935,-2.2555809981682746e-07,False
2026-10-12 12:17:01.429000+00:00,89.3597386459168,19.601472690428636,-5.9090036690158865,1854.8017115885516,112.89988452306277,-4.168933040389202e-07,False
2026-10-12 12:17:02.755830+00:00,89.26003404593561,19.582263173367124,-5.855226770006594,1845.0380584854845,112.89988701050399,-5.290389433019658e-07,False
2026-10-12 12:17:04.082660+00:00,89.1606633440489,19.56597285231868,-5.801100555461249,1835.233667762165,112.89988941019794,-5.619950239670736e-07,False
2026-10-12 12:17:05.409491+00:00,89.06016197922267,19.54659429257265,-5.74737282582764,1825.5081057268687,112.89989172214958,-5.157614633398219e-07,False
2026-10-12 12:17:06.736321+00:00,88.96066441229078,19.52861563468042,-5.693187366434029,1815.7274123749735,112.89989394636515,-3.9033828050353864e-07,False
2026-10-12 12:17:08.063151+00:00,88.86165629624762,19.511448132864643,-5.638639251894353,1805.9055921992915,112.89989608284961,-1.8572539276380232e-07,False
2026-10-12 12:17:09.389982+00:00,88.76132856852468,19.49174010462832,-5.5844972886482065,1796.1634824988303,112.89989834035222,-9.022604517596004e-08,False
2026-10-12 12:17:10.716812+00:00,88.66198917152454,19.474380430681947,-5.5298860517186705,1786.36608367655,112.89990096307044,-3.241426681401111e-07,False
2026-10-12 12:17:12.043642+00:00,88.56329751091171,19.454172016874224,-5.475675929172694,1776.658326181511,112.89990349800908,-4.788441735689041e-07,False
2026-10-12 12:17:13.370473+00:00,88.46309618703368,19.43498206766415,-5.420721864649613,1766.835546773943,112.89990594517295,-5.543303897123862e-07,False
2026-10-12 12:17:14.697303+00:00,88.36388518793508,19.41675131477811,-5.365956024194937,1757.0692701161777,112.89990830456709,-5.506013292927762e-07,False
2026-10-12 12:17:16.024133+00:00,88.26544961580075,19.397844837511172,-5.311022386878399,1747.298489536332,112.89991057619768,-4.676569923100741e-07,False
2026-10-12 12:17:17.350964+00:00,88.16531872364692,19.37816777695832,-5.255995205826746,1737.5222117154278,112.89991276006971,-3.0549732787540497e-07,False
2026-10-12 12:17:18.677794+00:00,88.06616677835025,19.35779852282036,-5.2007899975490925,1727.7416167982683,112.89991485618857,-6.412232326655005e-08,False
2026-10-12 12:17:20.004624+00:00,87.9679510140922,19.338498847575863,-5.1457838730007515,1718.0203009439747,112.89991737997445,-2.0850176467098052e-07,False
2026-10-12 12:17:21.331455+00:00,87.86784036382474,19.318189074713985,-5.0902894807573,1708.2276440351427,112.89991996244035,-4.0578661625796874e-07,False
2026-10-12 12:17:22.658285+00:00,87.76869332493283,19.2987681164374,-5.03459518318056,1698.4284077145455,112.89992245710408,-5.238305496500229e-07,False
2026-10-12 12:17:23.985115+00:00,87.67050974287,19.2772435825421,-4.979120705610039,1688.6921756463717,112.89992486397055,-5.626335712082523e-07,True
2026-10-12 12:17:25.311945+00:00,87.57051067687291,19.258493705947586,-4.923247630618026,1678.9016219857417,112.89992718304606,-5.221956618493289e-07,True
2026-10-12 12:17:26.638776+00:00,87.47129557183199,19.237960264266036,-4.86734346005774,1669.1322559665086,112.8999294143355,-4.02516738878831e-07,True
2026-10-12 12:17:27.965606+00:00,87.37304747374263,19.21767350676916,-4.811738374364488,1659.439752211813,112.89993155784396,-2.0359685318563345e-07,True
2026-10-12 12:17:29.292436+00:00,87.27310721425712,19.19763292083701,-4.755256864867169,1649.6166306787554,112.89993377376373,-6.994842516539875e-08,True
2026-10-12 12:17:30.619267+00:00,87.17383330011927,19.176193418356235,-4.699063792031629,1639.8678947390476,112.8999364037846,-3.098441855974518e-07,True
2026-10-12 12:17:31.946097+00:00,87.07541893392894,19.15608759826071,-4.642842350545851,1630.1428678909701,112.8999389459758,-4.7047338620272876e-07,True
2026-10-12 12:17:33.272927+00:00,86.97551361413021,19.134405072678135,-4.585939502619438,1620.3220591317242,112.8999414003423,-5.518360333423391e-07,True
2026-10-12 12:17:34.599758+00:00,86.8760301992856,19.113888756970425,-4.529235574262238,1610.560298956816,112.89994376689033,-5.539320506829703e-07,True
2026-10-12 12:17:35.926588+00:00,86.77744591233879,19.08977591834588,-4.472736533526541,1600.8609258047582,112.89994604562486,-4.7676144458573195e-07,True
2026-10-12 12:17:37.253418+00:00,86.67750274584442,19.067941711867178,-4.41582182544563,1591.1114524769696,112.89994823655088,-3.2032418324507705e-07,True
2026-10-12 12:17:38.580249+00:00,86.5777434455501,19.048334843059422,-4.358616588724428,1581.3417803549887,112.89995033967459,-8.462025393878696e-08,True
2026-10-12 12:17:39.907079+00:00,86.4789201453263,19.02780943140658,-4.301324102621427,1571.5896568005912,112.89995282201389,-1.909946558712391e-07,True
2026-10-12 12:17:41.233909+00:00,86.37885947257746,19.00395686036086,-4.243843831056217,1561.8261894776188,112.89995541175408,-3.9423667365438977e-07,True
2026-10-12 12:17:42.560740+00:00,86.27882813880686,18.98131750226446,-4.186567075093539,1552.1217284756476,112.89995791364296,-5.181864772567038e-07,True
2026-10-12 12:17:43.887570+00:00,86.17963638089877,18.95789405414672,-4.129066989795803,1542.4133376593052,112.89996032768546,-5.62844015789306e-07,True
2026-10-12 12:17:45.214400+00:00,86.07938750654552,18.93679000728389,-4.070944680036671,1532.6276328076892,112.899962653887,-5.282092574466499e-07,True
2026-10-12 12:17:46.541230+00:00,85.97895333577786,18.913396310437008,-4.012837334430855,1522.8708434511495,112.89996489225246,-4.142821831454072e-07,True
2026-10-12 12:17:47.868061+00:00,85.87937625366729,18.888924972516918,-3.9545318451663403,1513.1161852605446,112.89996704278815,-2.2106275471892184e-07,True
2026-10-12 12:17:49.194891+00:00,85.77885391945671,18.864841930709872,-3.8965771446489246,1503.4393863800349,112.89996921707241,-4.921581408543538e-08,True
2026-10-12 12:17:50.521721+00:00,85.6779906859519,18.84254721089721,-3.837694910334244,1493.6452658330206,112.89997185439631,-2.9509823717776675e-07,True
2026-10-12 12:17:51.848552+00:00,85.5779209895013,18.81841424410885,-3.779293402054417,1483.960176462528,112.89997440384137,-4.61662779012982e-07,True
2026-10-12 12:17:53.175382+00:00,85.47706190905161,18.795683712472652,-3.720371441520294,1474.219492372898,112.89997686541257,-5.489094014244249e-07,True
2026-10-12 12:17:54.502213+00:00,85.37566406809631,18.770921511368584,-3.6614135903126854,1464.5002283829258,112.89997923911525,-5.568380408010018e-07,True
2026-10-12 12:17:55.829043+00:00,85.27499999272824,18.74532055353322,-3.6021999621840153,1454.7768479285326,112.89998152495441,-4.854487035038222e-07,True
2026-10-12 12:17:57.155873+00:00,85.17373974479362,18.720812719222863,-3.5426012637633293,1445.0223167965105,112.8999837229363,-3.3474132592179237e-07,True
2026-10-12 12:17:58.482703+00:00,85.07168630357273,18.696950153219603,-3.4830797654585477,1435.306740724396,112.89998583306586,-1.0471590169380299e-07,True
2026-10-12 12:17:59.809534+00:00,84.97040374527592,18.672156644857893,-3.4232729787648446,1425.5851712742647,112.89998827391562,-1.7303583833452688e-07,True
2026-10-12 12:18:01.136364+00:00,84.86862300227396,18.645324272993605,-3.3630398946701585,1415.8290286840581,112.89999087094911,-3.8224269381173167e-07,True
2026-10-12 12:18:02.463194+00:00,84.76587538381759,18.619856619608896,-3.3030113967284387,1406.13146930931,112.89999338008121,-5.121059882333222e-07,True
2026-10-12 12:18:03.790025+00:00,84.66383273127862,18.5935011923155,-3.2427048764431152,1396.4302579986938,112.89999580131683,-5.626255689326737e-07,True
2026-10-12 12:18:05.116855+00:00,84.56146109204367,18.566478217675694,-3.18220464285653,1386.732394731549,112.89999813466225,-5.338015186042081e-07,True
2026-10-12 12:18:06.443685+00:00,84.45789869144001,18.54030579903022,-3.121814161390823,1377.078386393882,112.90000038012244,-4.256337545535033e-07,True
2026-10-12 12:18:07.770516+00:00,84.3550225389395,18.51108130034737,-3.0607612899252836,1367.3654113704802,112.90000253770283,-2.3812230858610643e-07,True
2026-10-12 12:18:09.097346+00:00,84.2519562200997,18.487058331115634,-2.9994010263888873,1357.6425446763312,112.90000467031327,-2.8027295936321663e-08,True
2026-10-12 12:18:10.424176+00:00,84.1474896780625,18.458046013044054,-2.9382450331971923,1347.9780185912548,112.90000731495175,-2.799040277423856e-07,True
2026-10-12 12:18:11.751007+00:00,84.04367965211533,18.43035492476247,-2.8763327832262555,1338.244111822699,112.9000098716613,-4.524115186943371e-07,True
2026-10-12 12:18:13.077837+00:00,83.93981509190333,18.401610948518623,-2.8146016070972752,1328.5744577925632,112.90001234044686,-5.455496670144264e-07,True
2026-10-12 12:18:14.404667+00:00,83.83438669882342,18.374973952497783,-2.752509260964862,1318.881022836586,112.90001472131468,-5.593184917859816e-07,True
2026-10-12 12:18:15.731498+00:00,83.7295013460638,18.347183401528326,-2.690279903548289,1309.2103746749635,112.90001701426976,-4.937179166756903e-07,True
2026-10-12 12:18:17.058328+00:00,83.6247441536244,18.3155345423462,-2.6277245241645253,1299.5331821949976,112.90001921931744,-3.487479734890993e-07,True
2026-10-12 12:18:18.385158+00:00,83.51817819712218,18.287314787553072,-2.5649971417401396,1289.8604875029757,112.90002133646281,-1.2440864950398996e-07,True
2026-10-12 12:18:19.711988+00:00,83.41218309739884,18.256650058612962,-2.5019515324086052,1280.1874248227766,112.90002373576742,-1.5462457417215774e-07,True
2026-10-12 12:18:21.038819+00:00,83.3064068665253,18.228712515646066,-2.4385348414426997,1270.505526773845,112.90002634008559,-3.6980387523021473e-07,True
2026-10-12 12:18:22.365649+00:00,83.19861280425545,18.196231922518393,-2.3753780425767594,1260.8895710442116,112.90002885645217,-5.055881284134739e-07,True
2026-10-12 12:18:23.692479+00:00,83.09135828642361,18.166284806350944,-2.311345467033799,1251.1971637762679,112.90003128487355,-5.619774100552476e-07,True
2026-10-12 12:18:25.019310+00:00,82.98446036373079,18.135335284054378,-2.2469639439078732,1241.502601244104,112.90003362535457,-5.389715929333487e-07,True
2026-10-12 12:18:26.346140+00:00,82.87534181197267,18.1045636575152,-2.182954200892885,1231.8902106968123,112.90003587790028,-4.3657074065887065e-07,True
2026-10-12 12:18:27.672970+00:00,82.76670837140362,18.070688965424438,-2.1186066299078403,1222.2790598659096,112.90003804251694,-2.547747768985011e-07,True
2026-10-12 12:18:28.999801+00:00,82.65855059599784,18.040066626165697,-2.0538101376223525,1212.6553555969538,112.90004013339242,-6.382081940496604e-09,True
2026-10-12 12:18:30.326631+00:00,82.54796858072281,18.00537307634866,-1.988297948733586,1202.9652531980362,112.90004278535307,-2.642607367082005e-07,True
2026-10-12 12:18:31.653461+00:00,82.43783256060071,17.97241883742305,-1.9228441178582814,1193.334230808519,112.90004534933458,-4.427187337748115e-07,True
2026-10-12 12:18:32.980292+00:00,82.32813429177739,17.938333456568955,-1.8569877204597824,1183.7001485079275,112.9000478253433,-5.417559840847984e-07,True
2026-10-12 12:18:34.307122+00:00,82.21611345336773,17.90714662734473,-1.7911324979232008,1174.1004163060836,112.90005021338412,-5.613725448881457e-07,True
2026-10-12 12:18:35.633952+00:00,82.10436132473778,17.87338002471654,-1.7241797283872196,1164.4057034330347,112.90005251346209,-5.015683334904313e-07,True
2026-10-12 12:18:36.960783+00:00,81.99299288538843,17.838569274807043,-1.6576485764075717,1154.8211673145174,112.90005472558342,-3.6234333080832747e-07,True
2026-10-12 12:18:38.287613+00:00,81.87943194417748,17.802698703448243,-1.5908460148874388,1145.237729874141,112.9000568497531,-1.4369749867517788e-07,True
2026-10-12 12:18:39.614443+00:00,81.76591051116772,17.764287152350846,-1.523417093853175,1135.6250229731252,112.90005920746941,-1.3575994738438343e-07,True
2026-10-12 12:18:40.941273+00:00,81.65270665140636,17.730671244888555,-1.4553080633591855,1125.9802220121464,112.90006181908767,-3.5691923829899706e-07,True
2026-10-12 12:18:42.268104+00:00,81.53748630746267,17.692965967855685,-1.3875107044390405,1116.4170989511633,112.90006434270504,-4.98632147186254e-07,True
2026-10-12 12:18:43.594934+00:00,81.42199968408794,17.657667218038597,-1.3191723889646891,1106.8377734972835,112.90006677832697,-5.608986295183888e-07,True
2026-10-12 12:18:44.921764+00:00,81.30686304773856,17.61797581138495,-1.2501173205538194,1097.2253601110663,112.90006912595842,-5.437186216843078e-07,True
2026-10-12 12:18:46.248595+00:00,81.18977885671706,17.580269743567328,-1.181386676280442,1087.698767986305,112.9000713856057,-4.4709217457288604e-07,True
2026-10-12 12:18:47.575425+00:00,81.07226316154282,17.541725079735386,-1.1116421694257346,1078.099188926907,112.90007355727373,-2.710191927674828e-07,True
2026-10-12 12:18:48.902255+00:00,80.95499559639953,17.50299561119232,-1.0413646294632357,1068.494317234374,112.90007564096763,-1.549975896251998e-08,True
2026-10-12 12:18:50.229086+00:00,80.83591465502698,17.461789448384536,-0.9712393424708471,1058.9575048763925,112.90007826565753,-2.4816744807546326e-07,True
2026-10-12 12:18:51.555916+00:00,80.71621486615389,17.422975016441967,-0.9006222323185646,1049.4170319286548,112.90008083691372,-4.3258358458796925e-07,True
2026-10-12 12:18:52.882746+00:00,80.59663757689576,17.382901708800716,-0.8293401065956109,1039.8582229337799,112.90008332014683,-5.375275574968706e-07,True
2026-10-12 12:18:54.209577+00:00,80.47541287114937,17.338087092350406,-0.7578454926844121,1030.3259102998554,112.90008571536194,-5.629994176910424e-07,True
2026-10-12 12:18:55.536407+00:00,80.35327213628776,17.29820669449265,-0.6854809190803236,1020.7472409049619,112.90008802256524,-5.089990570316252e-07,True
2026-10-12 12:18:56.863237+00:00,80.23131367217097,17.25332229960884,-0.613142450745711,1011.2390429960542,112.9000902417617,-3.755265136852754e-07,True
2026-10-12 12:18:58.190068+00:00,80.10775485139713,17.21093049001888,-0.5401888813018239,1001.713710042301,112.90009237295642,-1.6258181309643044e-07,True
2026-10-12 12:18:59.516898+00:00,79.98306032081507,17.164811803115754,-0.4670249700167307,992.2240536788335,112.90009468903347,-1.1644116283253359e-07,True
2026-10-12 12:19:00.843728+00:00,79.85845835278184,17.12082993476014,-0.392687790560642,982.6675286670051,112.9000973079569,-3.4358807057383e-07,True
2026-10-12 12:19:02.170558+00:00,79.73239151886943,17.07438256603885,-0.3190169279400368,973.2491376818648,112.90009983882928,-4.912371539963518e-07,True
2026-10-12 12:19:03.497389+00:00,79.60498625037074,17.02901804221142,-0.24382474314434074,963.7174984771959,112.90010228165686,-5.593884258223176e-07,True
2026-10-12 12:19:04.824219+00:00,79.47756529017724,16.982075842824884,-0.16796998658360557,954.1839346604202,112.90010463644462,-5.480418033573059e-07,True
2026-10-12 12:19:06.151050+00:00,79.34881787276454,16.931237491856308,-0.09257166936076543,944.7675598835255,112.90010690319794,-4.571972802402072e-07,True
2026-10-12 12:19:07.477880+00:00,79.21846803994384,16.884054681017062,-0.015957562386098998,935.2790217157072,112.90010908192193,-2.868548755543496e-07,True
2026-10-12 12:19:08.804710+00:00,79.08806588692404,16.835204603388405,0.061369280027640936,925.7883708450573,112.90011117262272,-3.701446843865523e-08,True
2026-10-12 12:19:10.131541+00:00,78.95643858120776,16.78447393843811,0.13919593635022406,916.3138805840892,112.90011375581327,-2.3162340487215967e-07,True
2026-10-12 12:19:11.458371+00:00,78.82293776793033,16.731308412954405,0.21670295330942035,906.9411282724744,112.90011633435218,-4.220052123840463e-07,True
2026-10-12 12:19:12.785201+00:00,78.68935359276179,16.68025464363467,0.2956637379091388,897.4912578042577,112.90011882481872,-5.32863496695332e-07,True
2026-10-12 12:19:14.112031+00:00,78.55461182436999,16.625415721234788,0.37560715775831055,888.011510083438,112.90012122721781,-5.641982005560327e-07,True
2026-10-12 12:19:15.438862+00:00,78.41779730830342,16.572819957622983,0.4556709282756935,878.5898132412042,112.90012354155488,-5.160092921606015e-07,True
2026-10-12 12:19:16.765692+00:00,78.28078670543525,16.51835620033671,0.5365580512306412,869.1663269568201,112.90012576783492,-3.882967524257102e-07,True
2026-10-12 12:19:18.092522+00:00,78.14274929846637,16.461853781989873,0.6181140102952731,859.7540144810375,112.90012790606423,-1.810605749902496e-07,True
2026-10-12 12:19:19.419353+00:00,78.00236566281598,16.402672282291263,0.6992722499505238,850.4550230585671,112.90013018045555,-9.666734268351613e-08,True
2026-10-12 12:19:20.746183+00:00,77.86181548274216,16.345432937093847,0.7821433569485287,841.0706827097324,112.90013280669436,-3.298094496938559e-07,True
2026-10-12 12:19:22.073013+00:00,77.72043279079068,16.284205732534588,0.8661457001676419,831.6594853716606,112.90013534483317,-4.834023727884248e-07,True
2026-10-12 12:19:23.399844+00:00,77.5765997578986,16.225307541412235,0.9503469329569656,822.3061840181842,112.90013779487691,-5.574459911061449e-07,True
2026-10-12 12:19:24.726674+00:00,77.43251241685171,16.16382527816944,1.0344587784232913,813.0546726411503,112.9001401568306,-5.519403046470161e-07,True
2026-10-12 12:19:26.053504+00:00,77.28755699568707,16.10068817394182,1.1201398434159133,803.740536279975,112.90014243070047,-4.6688525616105444e-07,True
2026-10-12 12:19:27.380335+00:00,77.13984259938262,16.039402029751216,1.2059519441881397,794.4930091050436,112.90014461649153,-3.022808901760252e-07,True
2026-10-12 12:19:28.707165+00:00,76.9916185894236,15.974594008078896,1.2925749149208123,785.2639729129211,112.90014671420914,-5.812707946974113e-08,True
2026-10-12 12:19:30.033995+00:00,76.8425919897547,15.905352940495845,1.3798952317050692,776.065206877861,112.9001492558553,-2.1462764657077587e-07,True
2026-10-12 12:19:31.360826+00:00,76.69042845601588,15.838916077975739,1.4684498097403658,766.8332804582892,112.90015184168826,-4.1098284110770037e-07,True
2026-10-12 12:19:32.687656+00:00,76.53756353980117,15.773423548356106,1.5572264563209461,757.6806975592352,112.90015433939847,-5.277630192637312e-07,True
2026-10-12 12:19:34.014486+00:00,76.383878534412,15.6983045357521,1.6474218003009584,748.4999626377303,112.90015674899098,-5.649681365111027e-07,True
2026-10-12 12:19:35.341316+00:00,76.22665828407742,15.630876904813817,1.737284813190467,739.4319360328788,112.90015907047203,-5.225982055720337e-07,True
2026-10-12 12:19:36.668147+00:00,76.06861710052658,15.557589098082104,1.8292885315884988,730.2783889656909,112.90016130384666,-4.00653207363196e-07,True
2026-10-12 12:19:37.994977+00:00,75.90964746965003,15.483141502754506,1.9211975921120046,721.2378314840164,112.90016344911984,-1.9913315460680838e-07,True
2026-10-12 12:19:39.321807+00:00,75.74688826318365,15.407663285228239,2.013893181337914,712.2154661271312,112.9001656817755,-7.643759002091087e-08,True
2026-10-12 12:19:40.648638+00:00,75.58302917133457,15.32944130701037,2.1078553192606226,703.1925128500826,112.9001683153247,-3.1558262504817e-07,True
2026-10-12 12:19:41.975468+00:00,75.41805831712857,15.25389548260631,2.2024300629116462,694.2262977029688,112.90017086072355,-4.7512693845159975e-07,True
2026-10-12 12:19:43.302298+00:00,75.24926990091056,15.17383475386643,2.29777258032934,685.287257764,112.90017331797696,-5.550704857034347e-07,True
2026-10-12 12:19:44.629129+00:00,75.07902250000927,15.089746004719302,2.3938700483516118,676.3948467238845,112.90017568709132,-5.554132986092215e-07,True
2026-10-12 12:19:45.955959+00:00,74.90742417043727,15.009566019515205,2.4917799165786145,667.4689735142575,112.90017796807152,-4.7615527539121054e-07,True
2026-10-12 12:19:47.282789+00:00,74.73199474699423,14.919374072167614,2.5899079787984443,658.6217589111666,112.9001801609227,-3.1729647329938595e-07,True
2026-10-12 12:19:48.609620+00:00,74.55473091610428,14.834763441709356,2.6891093193044204,649.8020978216739,112.900182265651,-7.883682236154479e-08,True
2026-10-12 12:19:49.936450+00:00,74.37590522016585,14.742350744424101,2.7890103618698445,641.0432734496477,112.90018476569473,-1.97179473449282e-07,True
2026-10-12 12:19:51.263280+00:00,74.19321896140836,14.654602411261692,2.891199862151471,632.214263477438,112.90018735881833,-3.995155865647301e-07,True
2026-10-12 12:19:52.590111+00:00,74.00829238696676,14.563712867793868,2.992937773321059,623.5318023081775,112.90018986376882,-5.222251901189917e-07,True
2026-10-12 12:19:53.916941+00:00,73.82160673559177,14.469412123146924,3.096286404963884,614.8495944817972,112.90019228055255,-5.65308328639832e-07,True
2026-10-12 12:19:55.243771+00:00,73.63101692481526,14.369774463371812,3.200816504741546,606.188181615401,112.9001946091745,-5.287649512383765e-07,True
2026-10-12 12:19:56.570601+00:00,73.43780338350125,14.266697383422525,3.3058833178086844,597.60385109503,112.90019684963967,-4.125950324701874e-07,True
2026-10-12 12:19:57.897432+00:00,73.24261765246652,14.170193067762085,3.4130170694439528,588.9985279838758,112.90019900195436,-2.1679852780749942e-07,True
2026-10-12 12:19:59.224262+00:00,73.04346581974626,14.062831207858807,3.5204972868061346,580.4793761183926,112.90020119282245,-5.575116695603171e-08,True
2026-10-12 12:20:00.551092+00:00,72.8413542304514,13.958453302090845,3.629862508173388,571.9535814484469,112.90020383370187,-3.0090661066482096e-07,True
2026-10-12 12:20:01.877923+00:00,72.63701032052934,13.850104434333531,3.739409427364146,563.5396546557192,112.90020638638146,-4.664099731527846e-07,True
2026-10-12 12:20:03.204753+00:00,72.42866775344312,13.744730459260438,3.8520976086644048,555.0398070375934,112.90020885086615,-5.522610699477511e-07,True
2026-10-12 12:20:04.531584+00:00,72.21696624379977,13.62386558960361,3.964583362810603,546.6735683509111,112.90021122716136,-5.584599201330487e-07,True
2026-10-12 12:20:05.858414+00:00,72.00282708738186,13.505393614257684,4.078413264298776,538.3516746303652,112.90021351527213,-4.850065300697864e-07,True
2026-10-12 12:20:07.185244+00:00,71.78463994402065,13.389375442252913,4.194442524030805,530.0163992657444,112.9002157152047,-3.319008170635429e-07,True
2026-10-12 12:20:08.512074+00:00,71.56272937672306,13.268835951410892,4.311296276176864,521.7555860792535,112.90021782696407,-9.91427493087711e-08,True
2026-10-12 12:20:09.838905+00:00,71.3381425204156,13.143830190880124,4.42835038990903,513.6129722556539,112.9002202853679,-1.7927791861905482e-07,True
2026-10-12 12:20:11.165735+00:00,71.10945229740906,13.0150889233268,4.547781495454707,505.4573367724345,112.90022288579996,-3.8760257092204333e-07,True
2026-10-12 12:20:12.492565+00:00,70.87667295371368,12.88249949393014,4.669721251514268,497.287969508627,112.90022539800941,-5.162492777335366e-07,True
2026-10-12 12:20:13.819396+00:00,70.64100237794592,12.744780762965888,4.791884823609261,489.24063028829926,112.9002278220017,-5.652180072479878e-07,True
2026-10-12 12:20:15.146226+00:00,70.40120167607162,12.608807550585652,4.916482612866456,481.1914413147447,112.90023015778183,-5.345087276598501e-07,True
2026-10-12 12:20:16.473056+00:00,70.1569006160004,12.465576301278702,5.041775370985906,473.2326651608949,112.90023240535608,-4.2412138808024866e-07,True
2026-10-12 12:20:17.799887+00:00,69.90953870071564,12.324728846280323,5.168876321106284,465.31828196238035,112.90023456472944,-2.3405602031473021e-07,True
2026-10-12 12:20:19.126717+00:00,69.65798113675044,12.173543791140645,5.2976226148246015,457.4529668530821,112.90023671376774,-3.4607125683583584e-08,True
2026-10-12 12:20:20.453547+00:00,69.40159385692887,12.020297334922418,5.4284764957375025,449.61477338866916,112.90023936197566,-2.857807386273257e-07,True
2026-10-12 12:20:21.780378+00:00,69.14192765667848,11.86235987845589,5.559725999205659,441.8962625434204,112.9002419219333,-4.572506881144183e-07,True
2026-10-12 12:20:23.107208+00:00,68.87804009610134,11.70280811112903,5.694573994417643,434.1460295560074,112.90024439364562,-5.49016897811549e-07,True
2026-10-12 12:20:24.434038+00:00,68.6089845602708,11.539794568080481,5.828794236408561,426.5534710530511,112.9002467771189,-5.610793804409364e-07,True
2026-10-12 12:20:25.760869+00:00,68.33644813161064,11.369898774659731,5.966107342613657,418.96435225380606,112.90024907235819,-4.934381169192526e-07,True
2026-10-12 12:20:27.087699+00:00,68.05968427816406,11.203238140180815,6.105309831971724,411.431743905054,112.90025127936887,-3.460930499965132e-07,True
2026-10-12 12:20:28.414529+00:00,67.77746147862635,11.019085218955496,6.247445046480695,403.90894519437467,112.90025339815601,-1.1904416695049951e-07,True
2026-10-12 12:20:29.741359+00:00,67.49158145354502,10.836606695212879,6.388824075716005,396.559591416819,112.90025581486412,-1.6092219966364277e-07,True
2026-10-12 12:20:31.068190+00:00,67.20145144767127,10.652792049332163,6.532804681011944,389.24487138963366,112.9002584226042,-3.7524300540207914e-07,True
2026-10-12 12:20:32.395020+00:00,66.90559254837875,10.456978716965125,6.679143964205821,381.9699799801799,112.9002609420712,-5.098343788298366e-07,True
2026-10-12 12:20:33.721850+00:00,66.60591796571669,10.258991958177745,6.827669974571841,374.75622435183317,112.90026337327153,-5.64696294502478e-07,True
2026-10-12 12:20:35.048681+00:00,66.30203641244583,10.055081766043429,6.97797982503586,367.6188230763162,112.90026571621009,-5.398286697255814e-07,True
2026-10-12 12:20:36.375511+00:00,65.99217927450314,9.843740953031613,7.1306205671319765,360.5307749155285,112.90026797089189,-4.352315108602561e-07,True
2026-10-12 12:20:37.702341+00:00,65.67840399640053,9.627759190191341,7.2839892834689195,353.56078925599974,112.90027013732325,-2.5090479246206486e-07,True
2026-10-12 12:20:39.029172+00:00,65.3604369556997,9.408531658350853,7.4381373490948555,346.70410471609233,112.90027224442647,-1.3004651981568027e-08,True
2026-10-12 12:20:40.356002+00:00,65.03633558100368,9.175431153541638,7.596562963633603,339.8383239378477,112.90027489877922,-2.702040484081705e-07,True
2026-10-12 12:20:41.682832+00:00,64.70819717247412,8.948702505946699,7.7573593662073215,333.0413439393432,112.90027746483115,-4.4764818005897136e-07,True
2026-10-12 12:20:43.009663+00:00,64.3759845004119,8.705719072062436,7.918968606341422,326.3619568710727,112.90027994258861,-5.453371296283924e-07,True
2026-10-12 12:20:44.336493+00:00,64.03749604058451,8.457176689372659,8.082648249148424,319.75033596962203,112.90028233205659,-5.632708335053397e-07,True
2026-10-12 12:20:45.663323+00:00,63.69496334342938,8.20420470408743,8.247133307541587,313.2554936114703,112.9002846332401,-5.014492153565012e-07,True
2026-10-12 12:20:46.990154+00:00,63.348353462866505,7.957870955190913,8.41574865328929,306.7847739221429,112.90028684614542,-3.598723197096423e-07,True
2026-10-12 12:20:48.316984+00:00,62.99559388157912,7.679697104084539,8.585025599166919,300.4253894376351,112.90028897077757,-1.3854009567588816e-07,True
2026-10-12 12:20:49.643814+00:00,62.63868174033985,7.405506019748998,8.755418670394977,294.1740497266987,112.90032240605831,-1.4211145147217244e-07,True
2026-10-12 12:20:50.970644+00:00,62.27778522004373,7.135232904780139,8.927475439334387,288.0166060007932,112.9003863139296,-3.624360312550734e-07,True
2026-10-12 12:20:52.297475+00:00,61.9109873590488,6.839459849294428,9.102372076515175,281.9147416789489,112.90045013348963,-5.029796919081121e-07,True
2026-10-12 12:20:53.624305+00:00,61.54002610848192,6.534200345130756,9.276436575006603,275.9651033761863,112.90051386473249,-5.637423443757573e-07,True
2026-10-12 12:20:54.951135+00:00,61.16513085000403,6.230915291511337,9.45389460804066,270.06779501044946,112.90057750765205,-5.447239632135717e-07,True
2026-10-12 12:20:56.277966+00:00,60.784698316221125,5.921101728224443,9.63398590214898,264.2349893544424,112.9006410622767,-4.459245038937897e-07,True
2026-10-12 12:20:57.604796+00:00,60.40013666380476,5.602466964960485,9.812770254142103,258.5581688584825,112.90070452860043,-2.6734396641641124e-07,True
2026-10-12 12:20:58.931626+00:00,60.01180271449219,5.285925270690882,9.99518085679666,252.93170257078089,112.90076790661729,-8.982376225873917e-09,True
2026-10-12 12:21:00.258457+00:00,59.61833208359964,4.945383350858265,10.176188227447382,247.45218985484198,112.90095084407808,-2.541545432911783e-07,True
2026-10-12 12:21:01.585287+00:00,59.220889686253855,4.591536402867945,10.35826142025392,242.07090016916285,112.90113739318365,-4.375652937466549e-07,True
2026-10-12 12:21:02.912117+00:00,58.81987387954909,4.256323213952783,10.543236141569945,236.75402982150752,112.90132385394816,-5.411759526886493e-07,True
2026-10-12 12:21:04.238948+00:00,58.41422679970879,3.883390235393108,10.729054872793704,231.5349598853024,112.9015102263436,-5.649864374227399e-07,True
2026-10-12 12:21:05.565778+00:00,58.0047926136218,3.52152020144203,10.909201415928145,226.52785669476089,112.90169651044238,-5.089967288655983e-07,True
2026-10-12 12:21:06.892608+00:00,57.59211078714579,3.142150027467835,11.09509672298526,221.53105346239275,112.90188270621643,-3.732068270172249e-07,True
2026-10-12 12:21:08.219439+00:00,57.17532308663521,2.7687109013406825,11.282478746346062,216.61579128656882,112.90206881363778,-1.5761676368316626e-07,True
2026-10-12 12:21:09.546269+00:00,56.75507467189152,2.377010209800005,11.467407520223048,211.84556275542394,112.90228173994066,-1.2281414202553184e-07,True
2026-10-12 12:21:10.873099+00:00,56.33195398109406,1.9728934814129957,11.65073296418147,207.20291460917414,112.9025297768616,-3.4909375067184934e-07,True
2026-10-12 12:21:12.199930+00:00,55.90530303489603,1.5722819202028973,11.833583377664539,202.66265669966737,112.90277772542166,-4.95560742780349e-07,True
2026-10-12 12:21:13.526760+00:00,55.475603196480314,1.161357417203675,12.01686320112057,198.21035267094624,112.90302558558182,-5.622150801843747e-07,True
2026-10-12 12:21:14.853590+00:00,55.04344636035617,0.7400542557425922,12.198198920042666,193.87861299390855,112.9032733574365,-5.490567756061452e-07,True
2026-10-12 12:21:16.180421+00:00,54.60839992591087,0.3132824857856349,12.373149562831811,189.7190073266146,112.90352104094667,-4.5608577815678547e-07,True
2026-10-12 12:21:17.507251+00:00,54.17075260479935,-0.1318528636808196,12.551934929822371,185.59086061635256,112.9037686360732,-2.833021005585144e-07,True
2026-10-12 12:21:18.834081+00:00,53.73116520017106,-0.5633094116618054,12.725061757972492,181.61713746056583,112.90401614291065,-3.070568556134763e-08,True
2026-10-12 12:21:20.160912+00:00,53.28930483465828,-1.0179463480776008,12.899059994052259,177.7091631201504,112.90426424508217,-2.375960476474021e-07,True
2026-10-12 12:21:21.487742+00:00,52.84538119620271,-1.4515505209135995,13.069395038078154,173.91912772589342,112.90451233777135,-4.2693271852985043e-07,True
2026-10-12 12:21:22.814572+00:00,52.40000788945518,-1.9181086416746211,13.237784039682435,170.22383549790507,112.90476034212982,-5.364443559890046e-07,True
2026-10-12 12:21:24.141402+00:00,51.95302098261938,-2.3712358619112877,13.395934428153563,166.70959960770253,112.90500825811849,-5.661308264415679e-07,True
2026-10-12 12:21:25.468233+00:00,51.50453282980807,-2.833345902950839,13.550555701270158,163.29350182401305,112.90525608574278,-5.159921616930871e-07,True
2026-10-12 12:21:26.795063+00:00,51.055082642156634,-3.2891120228369743,13.706570344897033,159.921850503701,112.90550382496363,-3.860283235769062e-07,True
2026-10-12 12:21:28.121893+00:00,50.60470224019419,-3.7796659447703576,13.85047223157691,156.73032156159522,112.9057514758755,-1.7623926756525948e-07,True
2026-10-12 12:21:29.448724+00:00,50.15349211152643,-4.219709297948555,13.99600380202574,153.5733750527992,112.90599931240327,-1.0306137714850567e-07,True
2026-10-12 12:21:30.775554+00:00,49.701996732313184,-4.694952472081468,14.136885345759003,150.51303859987524,112.90624754812788,-3.352812378011896e-07,True
2026-10-12 12:21:32.102384+00:00,49.25030723911058,-5.150480188896665,14.264950082197275,147.62014838317253,112.90649569550206,-4.876635145618061e-07,True
2026-10-12 12:21:33.429215+00:00,48.79856442041602,-5.63336058284915,14.394425240563463,144.75642886308486,112.90674375448657,-5.602081883470274e-07,True
2026-10-12 12:21:34.756045+00:00,48.34717372410558,-6.079536895500098,14.513305144959304,142.0290623503117,112.9069917250423,-5.529152273513065e-07,True
2026-10-12 12:21:36.082875+00:00,47.89628456498869,-6.549622199397788,14.627447545876386,139.38044132199107,112.90723960726386,-4.6578461249131525e-07,True
2026-10-12 12:21:37.409706+00:00,47.44605921732075,-7.006652534432334,14.725627271324203,136.90150412736796,112.90748740111209,-2.9881629287817885e-07,True
2026-10-12 12:21:38.736536+00:00,46.996786394678054,-7.451715926934156,14.824159151244954,134.44976413709907,112.90773510659243,-5.2010319400772216e-08,True
2026-10-12 12:21:40.063366+00:00,46.548665304245425,-7.903832885875886,14.909954232326815,132.13086707618714,112.90798335054541,-2.205954040140276e-07,True
2026-10-12 12:21:41.390197+00:00,46.10200377854332,-8.359862320917557,14.993394776592924,129.85712210083702,112.90823164098316,-4.1586172929464374e-07,True
2026-10-12 12:21:42.717027+00:00,45.65698719611857,-8.802092758415256,15.066671686336923,127.6876040133257,112.9084798430114,-5.312779774644038e-07,True
2026-10-12 12:21:44.043857+00:00,45.213838633014824,-9.210543687829158,15.14375839701512,125.51279832244326,112.90872795659105,-5.668441294399797e-07,True
2026-10-12 12:21:45.370687+00:00,44.77296131847147,-9.628935349870005,15.19448705332629,123.55831652319337,112.90897598181667,-5.225601279713872e-07,True
2026-10-12 12:21:46.697518+00:00,44.33435315966047,-10.015044462552027,15.247736628412767,121.60348817494908,112.90922391864908,-3.9842602394750114e-07,True
2026-10-12 12:21:48.024348+00:00,43.898196456897075,-10.432704512388057,15.278854268133715,119.82573795892895,112.90947176709383,-1.94441753757228e-07,True
2026-10-12 12:21:49.351178+00:00,43.4650031763399,-10.795087809342192,15.317294680936218,118.01209683957352,112.90971974517399,-8.286453050463483e-08,True
2026-10-12 12:21:50.678009+00:00,43.034571760890074,-11.18046935726096,15.342566744826827,116.30618400396304,112.90996817871871,-3.21028268996022e-07,True
2026-10-12 12:21:52.004839+00:00,42.60703562604729,-11.54090468365456,15.350955437436557,114.72932314171142,112.91021652383411,-4.793294753244205e-07,True
2026-10-12 12:21:53.331669+00:00,42.18300421279762,-11.872168597511461,15.369152733249962,113.09911723041513,112.91046478048098,-5.57768092239846e-07,True
2026-10-12 12:21:54.658500+00:00,41.76209702011384,-12.215081442147664,15.361590657797832,111.65323037015874,112.91071294875405,-5.56344196075611e-07,True
2026-10-12 12:21:55.985330+00:00,41.34439747004025,-12.547698535252977,15.358953781064484,110.18397174335809,112.91096102861404,-4.7505761508176255e-07,True
2026-10-12 12:21:57.312160+00:00,40.9305401940709,-12.815984740852002,15.337628532203297,108.84823996623508,112.91120902002191,-3.139084637582693e-07,True
2026-10-12 12:21:58.638991+00:00,40.520066863635556,-13.097098520394383,15.306246318642652,107.58505889872524,112.91145692307225,-7.28966848551469e-08,True
2026-10-12 12:21:59.965821+00:00,40.112989519543945,-13.381950401287497,15.279992850309766,106.29601474248082,112.91170530883764,-2.0315237066889894e-07,True
2026-10-12 12:22:01.292651+00:00,39.709917032130996,-13.615352801132133,15.236085440312479,105.12829277605921,112.91195379708937,-4.04351893485598e-07,True
2026-10-12 12:22:02.619482+00:00,39.31037880390603,-13.852445357828628,15.192015217135227,103.96746947639399,112.91220219685272,-5.256763909205196e-07,True
2026-10-12 12:22:03.946312+00:00,38.91432493160293,-14.104231840138539,15.132368238598351,102.90970862075005,112.91245050822235,-5.671258566125543e-07,True
2026-10-12 12:22:05.273142+00:00,38.52230341531616,-14.285892714284614,15.081015498632144,101.8068727714365,112.91269873115913,-5.287002778394836e-07,True
2026-10-12 12:22:06.599972+00:00,38.133876607133075,-14.478238827528202,15.012927135390518,100.81299828233777,112.91294686562388,-4.1039961643465104e-07,True
2026-10-12 12:22:07.926803+00:00,37.748929826963696,-14.683170488634403,14.929145945233213,99.91980940798882,112.91319491171124,-2.1222385331472873e-07,True
2026-10-12 12:22:09.253633+00:00,37.36795409588329,-14.81591369893431,14.853557780088323,98.98152951925788,112.91344303149994,-6.222330948288864e-08,True
2026-10-12 12:22:10.580464+00:00,36.99056612400897,-14.956416617206571,14.760905400957496,98.15224120430739,112.91369166294179,-3.0633448803422235e-07,True
2026-10-12 12:22:11.907294+00:00,36.616596687862646,-15.099190007414052,14.668447753424184,97.3247516290063,112.9139402058754,-4.7055819887386465e-07,True
2026-10-12 12:22:13.234124+00:00,36.24648332841229,-15.230868918402535,14.57597168112604,96.50206331207666,112.91418866039551,-5.548944738073625e-07,True
2026-10-12 12:22:14.560955+00:00,35.879916029728015,-15.306714581925178,14.471833181839425,95.75414798237803,112.9144370264628,-5.59343211056966e-07,True
2026-10-12 12:22:15.887785+00:00,35.51667845569458,-15.382560816235355,14.370033653585454,94.9946393802349,112.91468530403826,-4.839044360671125e-07,True
2026-10-12 12:22:17.214615+00:00,35.15716494178958,-15.466652901669022,14.255128646958166,94.31941727389568,112.91493349321647,-3.2857808522670856e-07,True
2026-10-12 12:22:18.541445+00:00,34.801144246730956,-15.520952159372769,14.137542741935894,93.66410873942189,112.91518159395828,-9.336419670241027e-08,True
2026-10-12 12:22:19.868276+00:00,34.44837116751447,-15.580895210604695,14.020381991567218,93.00916409372991,112.91543012152685,-1.852664768899233e-07,True
2026-10-12 12:22:21.195106+00:00,34.09920167311095,-15.599400440479684,13.898882102866606,92.38514096711934,112.91567880772004,-3.9240281035282344e-07,True
2026-10-12 12:22:22.521936+00:00,33.753489875095894,-15.615818296328825,13.766930678722169,91.82926712074399,112.91592740543518,-5.196392146907902e-07,True
2026-10-12 12:22:23.848767+00:00,33.41097329643927,-15.63281617661039,13.634514729273707,91.27942925547987,112.91617591467768,-5.669756517371676e-07,True
2026-10-12 12:22:25.175597+00:00,33.071975248408506,-15.634502131154107,13.511278003114926,90.67713920284298,112.91642433540842,-5.344121405752835e-07,True
2026-10-12 12:22:26.502427+00:00,32.736444546174255,-15.60589443828809,13.37006740790208,90.19096089120471,112.91667266772205,-4.219485985107162e-07,True
2026-10-12 12:22:27.829258+00:00,32.40409865147434,-15.576710952728547,13.22925407150002,89.70622419330185,112.91692091157945,-2.2958506371012205e-07,True
2026-10-12 12:22:29.156088+00:00,32.075240181889384,-15.516581118804254,13.08812312529569,89.22883458789715,112.91716917306668,-4.1137198833408684e-08,True
2026-10-12 12:22:30.482918+00:00,31.74988801222015,-15.49044493452186,12.940438142421954,88.79898524807766,112.91741800252703,-2.911994496381351e-07,True
2026-10-12 12:22:31.809749+00:00,31.427695676828733,-15.416230044460065,12.791244004033803,88.38352246494308,112.91766674348942,-4.6134933534912375e-07,True
2026-10-12 12:22:33.136579+00:00,31.108907610627824,-15.344027159793626,12.649294111027311,87.92750455626815,112.91791539591465,-5.515868559663745e-07,True
2026-10-12 12:22:34.463409+00:00,30.793621166235766,-15.294981297394145,12.488663234723854,87.59860598422469,112.91816395989753,-5.619119351565751e-07,True
2026-10-12 12:22:35.790240+00:00,30.481482869406232,-15.18800498739921,12.340294474086102,87.19602960142056,112.91841243539875,-4.923245792808348e-07,True
2026-10-12 12:22:37.117070+00:00,30.17273034799844,-15.1153636155031,12.184067244548725,86.85172804619843,112.9186608224239,-3.42824794700263e-07,True
2026-10-12 12:22:38.443900+00:00,29.867563741695136,-15.004627143401308,12.031593746203475,86.4909236657993,112.91890912093373,-1.1341258777596913e-07,True
2026-10-12 12:22:39.770730+00:00,29.565615486752243,-14.899033036342416,11.881931283032653,86.11822750646508,112.91915779047096,-1.6693739189941383e-07,True
2026-10-12 12:22:41.097561+00:00,29.26710530463327,-14.769504182544324,11.723434997292756,85.81306112526953,112.91940667472946,-3.8001413639641443e-07,True
2026-10-12 12:22:42.424391+00:00,28.97234230110515,-14.690546225993245,11.567747668043678,85.49908110283937,112.9196554704309,-5.131660034975603e-07,True
2026-10-12 12:22:43.751221+00:00,28.680914992449804,-14.55336881373961,11.411301445284181,85.19877895860198,112.9199041776701,-5.66393088619492e-07,True
2026-10-12 12:22:45.078052+00:00,28.39302800021041,-14.426792823411915,11.240556796483677,85.00809893076188,112.92015279640785,-5.396952899844595e-07,True
2026-10-12 12:22:46.404882+00:00,28.10908772641327,-14.288205184517892,11.08683618990054,84.7116369629021,112.92040132664957,-4.330725885091349e-07,True
2026-10-12 12:22:47.731712+00:00,27.828628375391474,-14.148797399360774,10.934262293778593,84.41700212916327,112.92064976835604,-2.465250478046117e-07,True
2026-10-12 12:22:49.058543+00:00,27.55181961596105,-13.956172469924866,10.766021148280855,84.24646182418985,112.92089817170823,-1.9605931389601733e-08,True
2026-10-12 12:22:50.385373+00:00,27.27916176202055,-13.815197581803801,10.616589442171952,83.95579863763558,112.9211471993054,-2.7562285483562035e-07,True
2026-10-12 12:22:51.712203+00:00,27.01011971599795,-13.682327757755559,10.458053101096532,83.74371401493073,112.92139613832559,-4.5170243947254227e-07,True
2026-10-12 12:22:53.039034+00:00,26.744814130209388,-13.479196974297963,10.304675427783412,83.50714054793993,112.92164498886368,-5.478448125225547e-07,True
2026-10-12 12:22:54.365864+00:00,26.483832581933587,-13.324589619869016,10.145460952053272,83.33150557887691,112.92189375088041,-5.640499358190017e-07,True
2026-10-12 12:22:55.692694+00:00,26.226562484280205,-13.148494500205715,9.991216352368427,83.13314197417137,112.92214242433654,-5.00317707584133e-07,True
2026-10-12 12:22:57.019525+00:00,25.973064453696832,-12.942950672898235,9.843006287908755,82.90334124230691,112.92239100932687,-3.5664818506793335e-07,True
2026-10-12 12:22:58.346355+00:00,25.72400247214269,-12.792949511714937,9.6844871339733,82.77296915692885,112.92263950581221,-1.3304128557598077e-07,True
2026-10-12 12:22:59.673185+00:00,25.47868467243016,-12.613120871402884,9.536453785271593,82.5770269566464,112.92288831734632,-1.481647022252619e-07,True
2026-10-12 12:23:01.000015+00:00,25.237109224706888,-12.41500658553349,9.384844162960265,82.42630721355935,112.92313739974631,-3.671853945331688e-07,True
2026-10-12 12:23:02.326846+00:00,24.999999798905105,-12.260307440188285,9.237038684104425,82.26624999403197,112.92338639364435,-5.062564392853618e-07,True
